{
  "ARIMA": {
    "mae": 51.86598996748597,
    "rmse": 56.2451388978421
  },
  "SARIMA": {
    "mae": 35.78584847798092,
    "rmse": 40.6488337130045
  }
}