{
  "ARIMA": {
    "mae": 112.68612161018581,
    "rmse": 137.7219153169465
  },
  "SARIMA": {
    "mae": 95.8655081249844,
    "rmse": 119.67440101778561
  }
}